RhythmScore,AudioLoudness,VocalContent,AcousticQuality,InstrumentalScore,LivePerformanceLikelihood,MoodScore,TrackDurationMs,Energy
0.410013005,-16.79496685,0.0235,0.232909636,0.01268883,0.271585461,0.664321456,302901.5498,0.424866667
0.463070721,-1.357,0.141818014,0.057725297,0.257941921,0.09762371,0.829552348,221995.6643,0.846
0.686568961,-3.368927943,0.167850557,0.287823472,0.210915308,0.325908881,0.304978248,357724.0127,0.134066667
0.885792571,-5.598049046,0.118488345,5.36e-06,0.376906072,0.13443453,0.487740059,271790.3989,0.316466667
0.637391006,-7.068159805,0.12609925,0.539072745,0.068949996,0.0243,0.591247549,277728.5383,0.481066667
0.572976287,-4.873282866,0.041233253,5.36e-06,0.043457706,0.155835892,0.662944779,315545.1364,0.1808
0.711519537,-8.814040027,0.074719446,0.527941806,0.445735601,0.096896649,0.747580237,211423.0498,0.017866667
0.385830054,-8.126094324,0.0235,0.55666088,0.087628473,0.285546824,0.644005798,161117.6378,0.172466667
